FID,1023Ratio,1024Ratio,1025Ratio,1026Ratio,1027Ratio,1028Ratio,1029Ratio,1030Ratio,1031Ratio,1101Ratio,
0,0.0011,0.0011,0.0076,0.0294,0.0469,0.2029,0.5323,0.2890,0.1145,0.0883,
1,0.0000,0.0011,0.0179,0.0246,0.0391,0.1555,0.3814,0.2025,0.0403,0.0246,
2,0.0000,0.0000,0.0053,0.0158,0.0105,0.0527,0.2211,0.1369,0.0474,0.0000,
3,0.0000,0.0000,0.0000,0.0060,0.0664,0.1690,0.3440,0.2113,0.0362,0.0302,
4,0.0000,0.0058,0.0186,0.0220,0.0464,0.1820,0.4278,0.2226,0.0800,0.0417,
5,0.0000,0.0036,0.0073,0.0219,0.0292,0.1824,0.3795,0.1533,0.0511,0.0511,
6,0.0000,0.0000,0.0065,0.0065,0.0327,0.1506,0.4322,0.1965,0.0393,0.0393,
7,0.0000,0.0000,0.0253,0.0253,0.0422,0.1942,0.4053,0.1604,0.0169,0.0253,
8,0.0000,0.0036,0.0291,0.0874,0.1967,0.4371,0.7685,0.5318,0.2149,0.1894,
9,0.0011,0.0033,0.0055,0.0221,0.0442,0.2320,0.5248,0.3270,0.1746,0.0972,
10,0.0022,0.0000,0.0000,0.0290,0.0579,0.1716,0.4123,0.2719,0.1092,0.0579,
11,0.0000,0.0000,0.0058,0.0156,0.0545,0.1713,0.4497,0.2667,0.0934,0.0331,
12,0.0000,0.0000,0.0000,0.1028,0.3701,0.4318,0.8945,0.7197,0.6169,0.1542,
13,0.0000,0.0000,0.0000,0.0127,0.0765,0.2486,0.5354,0.3442,0.0446,0.0255,
14,0.0013,0.0064,0.0064,0.0319,0.0472,0.1888,0.4592,0.3635,0.1543,0.1237,
15,0.0069,0.0035,0.0278,0.0208,0.0555,0.2428,0.7284,0.3434,0.0555,0.0382,
16,0.0016,0.0000,0.0047,0.0110,0.0773,0.2885,0.7852,0.5786,0.2349,0.2538,
17,0.0000,0.0000,0.0000,0.0234,0.0857,0.1247,0.2415,0.2571,0.1247,0.0390,
18,0.0000,0.0000,0.0027,0.0164,0.0382,0.2537,0.4475,0.3083,0.1310,0.1010,
19,0.0037,0.0037,0.0012,0.0173,0.0494,0.2161,0.4421,0.2346,0.1111,0.0889,
20,0.0000,0.0000,0.0032,0.0508,0.0999,0.3046,0.6901,0.3411,0.2332,0.1745,
21,0.0000,0.0000,0.0081,0.0244,0.0447,0.1503,0.4530,0.3149,0.1503,0.1320,
22,0.0000,0.0017,0.0035,0.0642,0.0833,0.2341,0.4770,0.2151,0.1995,0.1786,
23,0.0000,0.0000,0.0020,0.0200,0.0479,0.1556,0.4369,0.3053,0.1057,0.0778,
24,0.0000,0.0000,0.0000,0.0000,0.0757,0.2270,0.5599,0.3783,0.0757,0.0303,
25,0.0000,0.0031,0.0031,0.0216,0.0433,0.1731,0.3401,0.3339,0.1144,0.0928,
26,0.0000,0.0000,0.0000,0.0000,0.0067,0.0737,0.2747,0.1273,0.0670,0.0603,
27,0.0000,0.0000,0.0056,0.0149,0.0708,0.1901,0.5051,0.2498,0.1174,0.0876,
28,0.0092,0.0184,0.0000,0.0276,0.0000,0.0920,0.3496,0.3128,0.1564,0.1012,
29,0.0000,0.0000,0.0000,0.0000,0.0000,0.0603,0.0000,0.0000,0.0000,0.0000,
30,0.0000,0.0000,0.0000,0.0288,0.0288,0.0960,0.3264,0.2112,0.0288,0.0096,
31,0.0000,0.0000,0.0000,0.0000,0.0000,0.0000,0.0812,0.1218,0.0000,0.0000,
32,0.0000,0.0000,0.0000,0.0000,0.0000,0.0000,0.0689,0.0000,0.1377,0.0000,
33,0.0000,0.0000,0.0415,0.0000,0.0000,0.0415,0.1662,0.3324,0.0000,0.0415,
34,0.0104,0.0000,0.0000,0.0000,0.0208,0.0104,0.1765,0.1557,0.0623,0.0208,
35,0.0000,0.0000,0.0000,0.0000,0.0000,0.0000,0.0000,0.0000,0.0000,0.0000,
36,0.0000,0.0000,0.0000,0.0000,0.0000,0.0000,0.0000,0.0000,0.0000,0.0000,
37,0.0000,0.0000,0.0000,0.0000,0.0000,0.0000,0.0000,0.1219,0.0000,0.0000,
38,0.0000,0.0000,0.0000,0.0000,0.0000,0.0000,0.0652,0.0434,0.0217,0.0000,
39,0.0000,0.0000,0.0000,0.0000,0.0000,0.0000,0.0000,0.0000,0.0000,0.0000,
40,0.0000,0.0000,0.0000,0.0000,0.0000,0.0000,0.0000,0.0000,0.0000,0.0000,
41,0.0000,0.0000,0.0000,0.0000,0.0000,0.0000,0.0000,0.0564,0.0000,0.0000,
42,0.0000,0.0000,0.0000,0.0000,0.0000,0.0000,0.0835,0.0835,0.0417,0.0000,
43,0.0000,0.0000,0.0000,0.0000,0.0000,0.0326,0.0326,0.0326,0.0652,0.0000,
44,0.0000,0.0000,0.0000,0.0000,0.0000,0.0000,0.0713,0.0713,0.0000,0.0000,
45,0.0000,0.0000,0.0145,0.0000,0.0000,0.0000,0.0724,0.0579,0.0145,0.0724,
46,0.0000,0.0000,0.0000,0.0342,0.0000,0.0685,0.0685,0.1712,0.0342,0.0000,
47,0.0000,0.0000,0.0000,0.0187,0.0000,0.1122,0.2804,0.1308,0.0374,0.0000,
48,0.0155,0.0000,0.0052,0.0052,0.0155,0.0673,0.1761,0.1865,0.0259,0.0155,
49,0.0000,0.0000,0.0000,0.0000,0.0000,0.0000,0.0611,0.0611,0.0000,0.0000,
50,0.0000,0.0000,0.0000,0.0000,0.0000,0.0000,0.0000,0.0000,0.0000,0.0460,
51,0.0000,0.0000,0.0000,0.0000,0.0000,0.0272,0.0272,0.0000,0.0000,0.0000,
52,0.0000,0.0000,0.0000,0.0000,0.0000,0.0452,0.0000,0.0000,0.0000,0.0000,
53,0.0000,0.0000,0.0000,0.0000,0.0177,0.0532,0.1595,0.2127,0.0177,0.0177,
54,0.0000,0.0000,0.0000,0.0000,0.0000,0.0604,0.2114,0.0302,0.0000,0.0000,
55,0.0000,0.0000,0.0000,0.0000,0.0000,0.1098,0.0000,0.0732,0.0000,0.0000,
56,0.0000,0.0000,0.0000,0.0000,0.0000,0.0964,0.1285,0.0803,0.0321,0.0161,
57,0.0000,0.0000,0.0000,0.0354,0.0000,0.0709,0.0354,0.1418,0.0709,0.0000,
58,0.0000,0.0000,0.0000,0.0000,0.0000,0.0373,0.0000,0.1490,0.0373,0.0000,
59,0.0000,0.0000,0.0104,0.0312,0.0416,0.1871,0.8525,0.9565,0.0936,0.0520,
60,0.0000,0.0000,0.0000,0.0000,0.0000,0.0000,0.0741,0.2963,0.0000,0.0000,
61,0.0000,0.0000,0.0000,0.0000,0.0000,0.0000,0.0000,0.0000,0.0000,0.0000,
62,0.0000,0.0000,0.0000,0.0000,0.0000,0.0000,0.1144,0.1525,0.0762,0.0000,
63,0.0000,0.0225,0.0000,0.0000,0.0000,0.0225,0.1800,0.1350,0.0000,0.0000,
64,0.0000,0.0000,0.0000,0.0000,0.0000,0.0000,0.0000,0.0000,0.0000,0.0000,
65,0.0000,0.0000,0.0000,0.0000,0.0000,0.0000,0.1315,0.0000,0.0000,0.0000,
66,0.0000,0.0000,0.0000,0.0000,0.0000,0.0000,0.0000,0.0000,0.0000,0.0000,
67,0.0000,0.0000,0.0000,0.0000,0.0000,0.0000,0.0298,0.0000,0.0298,0.0000,
68,0.0000,0.0000,0.0000,0.0000,0.0000,0.0000,0.0901,0.1081,0.0360,0.0000,
69,0.0000,0.0000,0.0000,0.0000,0.0000,0.0380,0.1522,0.2283,0.0000,0.0127,
70,0.0000,0.0000,0.0000,0.0000,0.0000,0.0000,0.0680,0.1700,0.0340,0.0000,
71,0.0000,0.0000,0.0000,0.0000,0.0000,0.0000,0.0000,0.1914,0.0000,0.0000,
72,0.0000,0.0000,0.0000,0.0000,0.0000,0.0000,0.0000,0.0000,0.0000,0.0000,
73,0.0000,0.0000,0.0000,0.0000,0.0000,0.0000,0.0000,0.0000,0.0000,0.0000,
74,0.0000,0.0000,0.0000,0.0000,0.0000,0.0000,0.0592,0.0592,0.0000,0.1184,
75,0.0000,0.0000,0.0000,0.0000,0.0000,0.0000,0.0000,0.1400,0.0000,0.0000,
76,0.0000,0.0000,0.0000,0.0000,0.0000,0.0000,0.0000,0.0000,0.0000,0.0000,
77,0.0000,0.0000,0.0000,0.0412,0.1237,0.0825,0.0412,0.2062,0.0825,0.0000,
78,0.0000,0.0000,0.0000,0.0000,0.0000,0.0000,0.0235,0.1177,0.0235,0.0000,
79,0.0000,0.0000,0.0000,0.0000,0.0000,0.0000,0.0000,0.0000,0.0000,0.0000,
80,0.0000,0.0000,0.0000,0.0000,0.0000,0.0000,0.1206,0.0000,0.0000,0.0000,
81,0.0000,0.0000,0.0000,0.0000,0.0000,0.0000,0.0000,0.0000,0.0000,0.0000,
82,0.0000,0.0000,0.0000,0.0000,0.0000,0.0115,0.0805,0.0690,0.0230,0.0000,
83,0.0000,0.0000,0.0000,0.0000,0.0000,0.0420,0.0840,0.0000,0.0000,0.0000,
84,0.0000,0.0000,0.0000,0.0302,0.1809,0.1508,0.4523,0.3015,0.0000,0.0302,
85,0.0000,0.0000,0.0000,0.0000,0.0303,0.0707,0.2425,0.0909,0.0303,0.0101,
86,0.0000,0.0000,0.0000,0.0000,0.0000,0.1231,0.1231,0.0615,0.0000,0.0000,
87,0.0000,0.0000,0.0000,0.0000,0.0000,0.0000,0.0000,0.0000,0.0000,0.0000,
88,0.0000,0.0000,0.0000,0.0000,0.0000,0.0000,0.0309,0.0309,0.0000,0.0000,
89,0.0000,0.0000,0.0000,0.0000,0.0000,0.0000,0.0668,0.1336,0.0000,0.0000,
90,0.0000,0.0048,0.0193,0.0771,0.1204,0.3468,0.9488,0.4672,0.0915,0.0674,
91,0.0000,0.0000,0.0000,0.0000,0.0136,0.0542,0.1492,0.0949,0.0136,0.0136,
92,0.0000,0.0000,0.0000,0.0000,0.0000,0.0000,0.0000,0.0000,0.0000,0.0000,
93,0.0000,0.0000,0.0000,0.0000,0.0000,0.0437,0.1456,0.0874,0.0000,0.0000,
94,0.0000,0.0000,0.0000,0.0000,0.0000,0.0000,0.0000,0.0000,0.0000,0.0000,
95,0.0000,0.0302,0.0000,0.0302,0.0000,0.1207,0.1207,0.0905,0.0000,0.0000,
96,0.0000,0.0000,0.0000,0.0000,0.0574,0.0000,0.1721,0.1147,0.0000,0.0000,
97,0.0000,0.0000,0.0000,0.0000,0.0000,0.0000,0.0000,0.0415,0.0000,0.0000,
98,0.0000,0.0000,0.0000,0.0000,0.0000,0.0583,0.1166,0.0000,0.0000,0.0000,
99,0.0000,0.0000,0.0000,0.0000,0.0182,0.0182,0.1823,0.0182,0.0000,0.0000,
100,0.0000,0.0000,0.0000,0.0000,0.1051,0.3153,0.2803,0.0000,0.0350,0.0350,
101,0.0000,0.0000,0.0000,0.0000,0.0000,0.0000,0.0000,0.0333,0.0000,0.0000,
102,0.0000,0.0000,0.0000,0.1378,0.0000,0.0000,0.0000,0.0000,0.0000,0.0000,
103,0.0000,0.0000,0.0000,0.0000,0.0795,0.0000,0.0000,0.0000,0.0000,0.0000,
104,0.0000,0.0000,0.0032,0.0221,0.0411,0.1391,0.1897,0.1138,0.0000,0.0032,
105,0.0000,0.0000,0.0000,0.0000,0.0000,0.0000,0.0000,0.0000,0.0000,0.0000,
106,0.0000,0.0000,0.0000,0.0000,0.0000,0.0000,0.0000,0.0000,0.0000,0.0000,
107,0.0000,0.0000,0.0000,0.0000,0.0000,0.1713,0.1499,0.0643,0.0000,0.0000,
108,0.0000,0.0000,0.0000,0.0000,0.0000,0.0000,0.2984,0.0000,0.0000,0.0000,
109,0.0000,0.0000,0.0000,0.0000,0.0000,0.0000,0.0000,0.1886,0.0629,0.0000,
110,0.0000,0.0000,0.0000,0.0357,0.0000,0.0000,0.1071,0.1071,0.0357,0.0000,
111,0.0000,0.0000,0.0000,0.1794,0.0897,0.1794,0.2690,0.0897,0.0000,0.0000,
112,0.0000,0.0018,0.0074,0.0166,0.0398,0.1211,0.3448,0.2293,0.0453,0.0111,
113,0.0000,0.0000,0.0000,0.0153,0.0460,0.0613,0.1534,0.0153,0.0000,0.0153,
114,0.0000,0.0000,0.0000,0.0000,0.0000,0.0000,0.0000,0.0000,0.0000,0.0000,
115,0.0000,0.0000,0.0000,0.0000,0.0000,0.0000,0.1168,0.0000,0.0389,0.0000,
116,0.0000,0.0000,0.0000,0.0000,0.0000,0.0000,0.0712,0.0534,0.0178,0.0178,
117,0.0000,0.0000,0.0128,0.0255,0.0255,0.1022,0.1916,0.0511,0.0255,0.0000,
118,0.0000,0.0000,0.0000,0.0000,0.0000,0.0000,0.0000,0.0579,0.0000,0.0000,
119,0.0000,0.0000,0.0000,0.0271,0.1899,0.2170,0.1628,0.0814,0.0000,0.0000,
120,0.0000,0.0000,0.0000,0.0460,0.0921,0.0000,0.0460,0.0460,0.0000,0.0000,
121,0.0000,0.0000,0.0000,0.0000,0.0000,0.0000,0.0000,0.0000,0.0000,0.0000,
122,0.0000,0.0000,0.0000,0.0000,0.0000,0.0000,0.2717,0.0000,0.0000,0.0000,
123,0.0000,0.0000,0.0000,0.0000,0.0000,0.0000,0.0000,0.0000,0.0000,0.0000,
124,0.0000,0.0000,0.0000,0.0276,0.0000,0.0000,0.1380,0.0828,0.0552,0.0000,
125,0.0000,0.0000,0.0100,0.0601,0.0701,0.1903,0.2503,0.1402,0.0300,0.0000,
126,0.0000,0.0065,0.0065,0.0521,0.0521,0.1108,0.2606,0.1434,0.0195,0.0098,
127,0.0000,0.0000,0.0000,0.0000,0.0554,0.0185,0.0000,0.0923,0.0000,0.0000,
128,0.0000,0.0000,0.0000,0.0000,0.0000,0.0000,0.0000,0.0000,0.0000,0.0000,
129,0.0000,0.0000,0.0000,0.0000,0.0284,0.0284,0.1134,0.0851,0.0284,0.0000,
130,0.0000,0.0000,0.0149,0.0000,0.0597,0.0298,0.1194,0.0597,0.0000,0.0000,
131,0.0000,0.0000,0.0000,0.2880,0.1440,0.1440,0.1440,0.0000,0.0000,0.0000,
132,0.0000,0.0000,0.0000,0.0000,0.0848,0.0000,0.2544,0.0848,0.0848,0.0000,
133,0.0000,0.0000,0.0000,0.0000,0.0000,0.0628,0.3765,0.0000,0.0000,0.0000,
134,0.0000,0.0000,0.0000,0.1756,0.0000,0.0878,0.0878,0.0000,0.0000,0.0000,
135,0.0000,0.0000,0.0000,0.0000,0.0000,0.0000,0.0391,0.0000,0.0000,0.0000,
136,0.0064,0.0000,0.0000,0.0256,0.0480,0.1313,0.3682,0.1473,0.0384,0.0256,
137,0.0000,0.0000,0.0000,0.0000,0.0302,0.0302,0.0905,0.0000,0.0000,0.0000,
138,0.0000,0.0000,0.0000,0.0000,0.0000,0.0000,0.0000,0.0774,0.0000,0.0000,
139,0.0000,0.0000,0.0000,0.0000,0.0751,0.3006,0.0751,0.0000,0.0751,0.0000,
140,0.0000,0.0000,0.0000,0.0000,0.0000,0.2228,0.1114,0.2228,0.0000,0.0000,
141,0.0000,0.0000,0.0000,0.0000,0.0000,0.0306,0.1222,0.1222,0.0000,0.0000,
142,0.0000,0.0000,0.0912,0.1825,0.2737,0.2737,0.1825,0.0000,0.0000,0.0912,
143,0.0000,0.0000,0.0000,0.0000,0.0000,0.0848,0.2119,0.1801,0.0424,0.0212,
144,0.0000,0.0000,0.0000,0.0000,0.0000,0.0666,0.1997,0.0000,0.0666,0.0000,
145,0.0000,0.0000,0.0000,0.0543,0.1085,0.7054,0.5426,0.1085,0.0543,0.0000,
146,0.0000,0.0000,0.0000,0.0000,0.0807,0.0000,0.3229,0.1614,0.0000,0.0000,
147,0.0000,0.0000,0.0811,0.0811,0.3244,0.3244,0.3244,0.1622,0.0000,0.0000,
148,0.0000,0.0000,0.0000,0.0000,0.0000,0.0631,0.1262,0.0000,0.0000,0.0000,
149,0.0000,0.0000,0.0000,0.0000,0.0000,0.0597,0.2389,0.0597,0.0000,0.0000,
150,0.0000,0.0000,0.0000,0.0000,0.1664,0.2080,0.2496,0.2080,0.0000,0.0000,
151,0.0000,0.0000,0.0000,0.0000,0.0000,0.0000,0.0541,0.0541,0.0000,0.0000,
152,0.0000,0.0000,0.0000,0.0000,0.0157,0.0157,0.0945,0.0945,0.0000,0.0000,
153,0.0000,0.0000,0.0357,0.0000,0.0000,0.0357,0.1426,0.0713,0.0000,0.0000,
154,0.0000,0.0000,0.0000,0.0428,0.0000,0.1284,0.2996,0.0856,0.0000,0.0000,
155,0.0000,0.0000,0.0280,0.1400,0.0280,0.0840,0.4199,0.2239,0.0000,0.0000,
156,0.0000,0.0000,0.0025,0.0174,0.0299,0.1194,0.3060,0.1891,0.0174,0.0050,
157,0.0000,0.0000,0.0000,0.0000,0.0000,0.0000,0.0287,0.0574,0.0000,0.0000,
158,0.0000,0.0000,0.0000,0.0000,0.0000,0.0000,0.0000,0.0000,0.0000,0.0000,
159,0.0000,0.0000,0.0000,0.0000,0.0000,0.0000,0.4322,0.0000,0.0000,0.0000,
160,0.0000,0.0000,0.0000,0.0000,0.0000,0.0000,0.2057,0.1407,0.0000,0.0000,
161,0.0000,0.0000,0.0000,0.0000,0.0000,0.0897,0.0000,0.0000,0.0000,0.0000,
162,0.0000,0.0000,0.0131,0.0000,0.0000,0.0655,0.1179,0.0393,0.0131,0.0000,
163,0.0000,0.0000,0.0000,0.0000,0.0000,0.0000,0.0000,0.0000,0.0000,0.0000,
164,0.0000,0.0000,0.0000,0.0000,0.0000,0.0000,0.0000,0.0000,0.0000,0.0000,
165,0.0000,0.0000,0.0000,0.0000,0.0238,0.0238,0.1905,0.0714,0.0000,0.0238,
166,0.0000,0.0000,0.0000,0.0310,0.0000,0.0621,0.0000,0.1242,0.0000,0.0000,
167,0.0000,0.0000,0.0000,0.0000,0.0000,0.0539,0.1616,0.0539,0.0000,0.0539,
168,0.0000,0.0000,0.0000,0.0082,0.0409,0.0817,0.1552,0.1144,0.0409,0.0000,
169,0.0000,0.0000,0.0000,0.0233,0.0155,0.1008,0.1473,0.0931,0.0078,0.0000,
170,0.0000,0.0000,0.0000,0.0000,0.0000,0.0000,0.0000,0.0000,0.0000,0.0000,
171,0.0000,0.0000,0.0000,0.0000,0.0827,0.0827,0.4137,0.1655,0.0000,0.0000,
172,0.0000,0.0000,0.0000,0.0000,0.0000,0.0000,0.1109,0.0222,0.0000,0.0000,
173,0.0000,0.0000,0.0000,0.0000,0.0000,0.1863,0.1065,0.2129,0.0000,0.0266,
174,0.0000,0.0000,0.0000,0.0000,0.0000,0.0000,0.0000,0.0729,0.0182,0.0000,
175,0.0000,0.0000,0.0000,0.0000,0.0573,0.0000,0.0573,0.1719,0.0573,0.0000,
176,0.0000,0.0000,0.0000,0.0000,0.0000,0.0000,0.0724,0.0965,0.0000,0.0000,
177,0.0000,0.0000,0.0000,0.0000,0.0000,0.1368,0.4105,0.0342,0.0342,0.0000,
178,0.0000,0.0000,0.0153,0.0458,0.0153,0.1528,0.0917,0.0764,0.0458,0.0000,
179,0.0000,0.0000,0.0000,0.0071,0.0572,0.2215,0.6502,0.4144,0.0572,0.0286,
180,0.0000,0.0000,0.0000,0.0000,0.0000,0.0000,0.0000,0.1607,0.0000,0.0000,
181,0.0000,0.0000,0.0000,0.0000,0.0000,0.1121,0.1121,0.0561,0.0000,0.0000,
182,0.0000,0.0000,0.0000,0.0000,0.0000,0.0000,0.0000,0.1504,0.0000,0.0000,
183,0.0000,0.0000,0.0000,0.0000,0.0460,0.0460,0.1380,0.0920,0.0000,0.0230,
184,0.0045,0.0000,0.0180,0.0495,0.0585,0.1440,0.2700,0.0855,0.0135,0.0045,
185,0.0000,0.0000,0.0000,0.1149,0.0000,0.4020,0.3446,0.0000,0.0000,0.0000,
186,0.0000,0.1678,0.0000,0.0000,0.0000,0.0000,1.0065,0.1678,0.0000,0.0000,
187,0.0000,0.0000,0.0000,0.0465,0.0232,0.0232,0.2090,0.0929,0.0465,0.0000,
188,0.0000,0.0000,0.0000,0.0711,0.0711,0.0711,0.2843,0.0711,0.0711,0.0000,
189,0.0000,0.0000,0.0000,0.0382,0.0000,0.0382,0.2671,0.2290,0.0000,0.0000,
190,0.0000,0.0000,0.0000,0.0000,0.1687,0.1687,0.5062,0.0000,0.0000,0.0000,
191,0.0000,0.0000,0.0000,0.0000,0.0000,0.1329,0.3102,0.1773,0.0443,0.0000,
192,0.0000,0.0000,0.0000,0.0000,0.0811,0.2433,0.2433,0.0000,0.0000,0.0000,
193,0.0000,0.0000,0.0000,0.0000,0.0000,0.1165,0.0000,0.0000,0.0000,0.0000,
194,0.0000,0.0000,0.0000,0.0000,0.1235,0.2471,0.3294,0.5765,0.0412,0.0000,
195,0.0000,0.0000,0.0000,0.0000,0.0000,0.0000,0.0000,0.0000,0.0000,0.0000,
196,0.0000,0.0000,0.0000,0.0728,0.0946,0.1601,0.1892,0.0873,0.0146,0.0000,
197,0.0000,0.0000,0.0000,0.0204,0.0613,0.2862,0.9200,0.4498,0.0818,0.0818,
198,0.0000,0.0000,0.0000,0.0000,0.0885,0.0443,0.1328,0.1771,0.0000,0.0000,
199,0.0000,0.0000,0.0000,0.1420,0.0000,0.0000,0.1420,0.4260,0.0000,0.0000,
200,0.0000,0.0000,0.0000,0.0265,0.0132,0.1191,0.4235,0.2779,0.0397,0.0132,
201,0.0000,0.0000,0.0264,0.0793,0.0000,0.0529,0.2380,0.1851,0.0264,0.0000,
202,0.0000,0.0000,0.0000,0.0000,0.0000,0.0000,0.1401,0.1401,0.0000,0.0000,
203,0.0000,0.0000,0.0000,0.0000,0.0000,0.0000,0.0724,0.1447,0.0000,0.0000,
204,0.0000,0.0000,0.0055,0.0498,0.0277,0.1107,0.1826,0.1605,0.0387,0.0055,
205,0.0041,0.0082,0.0247,0.1236,0.1689,0.2471,0.5066,0.1647,0.0494,0.0329,
206,0.0000,0.0000,0.0000,0.0000,0.0000,0.0000,0.2527,0.0000,0.0000,0.0000,
207,0.0000,0.0000,0.0000,0.0617,0.0000,0.0308,0.1542,0.0925,0.0617,0.0000,
208,0.0000,0.0000,0.0000,0.0000,0.0823,0.6584,0.0000,0.1646,0.0000,0.0000,
209,0.0000,0.0000,0.0000,0.0105,0.0628,0.0837,0.1989,0.0733,0.0000,0.0000,
210,0.0000,0.0000,0.0000,0.0000,0.0000,0.3047,0.6704,0.7314,0.0000,0.0000,
211,0.0000,0.0000,0.0000,0.0588,0.0832,0.2448,0.4995,0.2302,0.0392,0.0245,
212,0.0000,0.0000,0.0103,0.0000,0.0000,0.0206,0.0928,0.1031,0.0000,0.0000,
213,0.0000,0.0000,0.0000,0.0000,0.0403,0.0403,0.4838,0.2822,0.0000,0.0000,
214,0.0000,0.0000,0.0000,0.0421,0.0000,0.0421,0.1684,0.0421,0.0000,0.0000,
215,0.0000,0.0000,0.0000,0.0236,0.0236,0.0828,0.1892,0.1300,0.0355,0.0000,
216,0.0000,0.0000,0.0114,0.0228,0.0616,0.1598,0.2854,0.0708,0.0251,0.0137,
217,0.0000,0.0000,0.0000,0.0000,0.0000,0.0952,0.1428,0.0476,0.0000,0.0000,
218,0.0000,0.0000,0.0000,0.0000,0.0000,0.0000,0.0000,0.0000,0.0000,0.0000,
219,0.0000,0.0000,0.0000,0.0125,0.0000,0.0000,0.0687,0.0187,0.0375,0.0250,
220,0.0000,0.0000,0.0000,0.0000,0.0000,0.0000,0.0000,0.0000,0.0000,0.0000,
221,0.0000,0.0000,0.0000,0.0053,0.0000,0.0160,0.0428,0.0374,0.0000,0.0267,
222,0.0000,0.0000,0.0000,0.0000,0.0000,0.0626,0.1251,0.1251,0.0000,0.0000,
223,0.0000,0.0000,0.0000,0.0000,0.0000,0.0000,0.0000,0.0000,0.0000,0.0000,
224,0.0000,0.0000,0.0000,0.0062,0.0123,0.0123,0.0678,0.0185,0.0062,0.0000,
225,0.0000,0.0000,0.0000,0.0056,0.0169,0.0056,0.0056,0.0281,0.0112,0.0112,
226,0.0000,0.0000,0.0000,0.0000,0.0000,0.0000,0.0000,0.0000,0.0659,0.0000,
227,0.0029,0.0000,0.0029,0.0314,0.0428,0.0314,0.0857,0.0543,0.0171,0.0114,
228,0.0000,0.0000,0.0000,0.0000,0.0000,0.0000,0.0542,0.0000,0.0000,0.0000,
229,0.0000,0.0000,0.0000,0.0000,0.0000,0.0000,0.0302,0.0000,0.0000,0.0000,
230,0.0000,0.0000,0.0000,0.0000,0.0000,0.0214,0.0856,0.0000,0.0000,0.0000,
231,0.0000,0.0000,0.0000,0.0000,0.0000,0.0572,0.0000,0.0000,0.0000,0.0000,
232,0.0000,0.0000,0.0000,0.0000,0.0000,0.0257,0.0257,0.0000,0.0000,0.0000,
233,0.0000,0.0000,0.0000,0.0000,0.0291,0.0000,0.0437,0.0000,0.0291,0.0000,
234,0.0000,0.0000,0.0000,0.0000,0.0000,0.0000,0.0936,0.0000,0.0000,0.0000,
235,0.0000,0.0073,0.0073,0.0073,0.0586,0.0146,0.0513,0.0513,0.0073,0.0000,
236,0.0000,0.0000,0.0000,0.0000,0.0000,0.0000,0.1112,0.0741,0.2223,0.0000,
237,0.0000,0.0000,0.0000,0.0000,0.0000,0.0417,0.0417,0.0835,0.0000,0.0000,
238,0.0000,0.0000,0.0000,0.0073,0.0657,0.0219,0.0365,0.0219,0.0073,0.0073,
239,0.0000,0.0000,0.0166,0.0000,0.0166,0.0000,0.0166,0.0499,0.0000,0.0000,
240,0.0000,0.0000,0.0000,0.0000,0.0000,0.0177,0.0754,0.0310,0.0155,0.0022,
241,0.0000,0.0000,0.0000,0.0000,0.0287,0.0000,0.0861,0.0144,0.0287,0.0000,
242,0.0000,0.0000,0.0000,0.0000,0.0000,0.0000,0.0948,0.0948,0.0474,0.0000,
243,0.0000,0.0000,0.0000,0.0594,0.0668,0.0520,0.0743,0.0743,0.0446,0.0111,
244,0.0000,0.0000,0.0000,0.0000,0.0404,0.0404,0.1211,0.2018,0.0000,0.0404,
245,0.0000,0.0000,0.0000,0.0000,0.0000,0.0000,0.0486,0.0324,0.0000,0.0162,
246,0.0000,0.1044,0.0000,0.0000,0.0000,0.0391,0.0391,0.0652,0.0000,0.0130,
247,0.0000,0.0000,0.0000,0.0000,0.0150,0.0000,0.0902,0.0751,0.0000,0.0150,
248,0.0000,0.0000,0.0000,0.0000,0.0000,0.0000,0.0000,0.0000,0.0000,0.0000,
249,0.0038,0.0000,0.0000,0.0000,0.0038,0.0152,0.0191,0.0572,0.0191,0.0038,
250,0.0000,0.0000,0.0000,0.0000,0.0000,0.0977,0.0000,0.0000,0.0000,0.0000,
251,0.0000,0.0000,0.0000,0.0000,0.0302,0.0000,0.0000,0.0000,0.0000,0.0000,
252,0.0000,0.0000,0.0000,0.0000,0.0000,0.0000,0.0000,0.0000,0.0000,0.0000,
253,0.0000,0.0000,0.0000,0.0000,0.0000,0.0000,0.0267,0.0000,0.0000,0.0000,
254,0.0000,0.0000,0.0000,0.0000,0.0000,0.0000,0.0269,0.0135,0.0000,0.0135,
255,0.0000,0.0108,0.0000,0.0000,0.0000,0.0108,0.0757,0.0865,0.0108,0.0216,
256,0.0000,0.0000,0.0000,0.0000,0.0000,0.0000,0.1090,0.0336,0.0084,0.0084,
257,0.0000,0.0026,0.0052,0.0052,0.0026,0.0338,0.0624,0.0546,0.0104,0.0130,
258,0.0000,0.0000,0.0000,0.0000,0.0000,0.0000,0.0000,0.0503,0.0000,0.0000,
259,0.0000,0.0000,0.0000,0.0000,0.0000,0.0000,0.0387,0.0387,0.0070,0.0035,
260,0.0000,0.0000,0.0000,0.0000,0.0372,0.0372,0.0558,0.0558,0.0279,0.0000,
261,0.0000,0.0000,0.0000,0.0000,0.0000,0.0000,0.0000,0.0000,0.0000,0.0000,
262,0.0000,0.0000,0.0000,0.0000,0.0000,0.0581,0.0581,0.0291,0.0000,0.0291,
263,0.0000,0.0133,0.0044,0.0000,0.0044,0.0044,0.0088,0.0310,0.0044,0.0044,
264,0.0000,0.0000,0.0000,0.0000,0.0000,0.1203,0.3008,0.1805,0.0802,0.0000,
265,0.0000,0.0000,0.0301,0.0361,0.0542,0.2046,0.3792,0.1926,0.0301,0.0060,
266,0.0000,0.0000,0.0362,0.0000,0.0121,0.2172,0.6153,0.2775,0.0483,0.0362,
267,0.0000,0.0000,0.0032,0.0096,0.0255,0.1133,0.3782,0.1676,0.0335,0.0128,
268,0.0000,0.0079,0.0000,0.0473,0.0079,0.2678,0.6300,0.3386,0.1339,0.0709,
269,0.0000,0.0000,0.0000,0.0000,0.0394,0.1775,0.2663,0.2663,0.0099,0.0197,
270,0.0000,0.0000,0.0025,0.0025,0.0098,0.0572,0.2289,0.2035,0.0351,0.0147,
271,0.0000,0.0000,0.0000,0.0000,0.0145,0.0580,0.1451,0.1451,0.0000,0.0145,
272,0.0000,0.0000,0.0000,0.0000,0.0235,0.0528,0.2052,0.0938,0.0059,0.0059,
273,0.0000,0.0000,0.0000,0.0000,0.0000,0.1005,0.3416,0.1809,0.0402,0.0000,
274,0.0073,0.0219,0.0024,0.0146,0.0219,0.1531,0.2358,0.2430,0.0413,0.0097,
275,0.0000,0.0000,0.0000,0.0000,0.0079,0.1023,0.3462,0.1102,0.0000,0.0157,
276,0.0000,0.0000,0.0160,0.0000,0.0000,0.0319,0.0319,0.0639,0.0000,0.0000,
277,0.0000,0.0000,0.0032,0.0096,0.0288,0.1359,0.3966,0.1775,0.1184,0.0576,
278,0.0000,0.0054,0.0000,0.0054,0.0054,0.0489,0.2176,0.0925,0.0435,0.0054,
279,0.0000,0.0000,0.0000,0.0070,0.0209,0.0209,0.1810,0.0626,0.0209,0.0000,
280,0.0000,0.0000,0.0000,0.0000,0.0000,0.1967,0.1967,0.1967,0.0000,0.0000,
281,0.0000,0.0000,0.0153,0.0153,0.0460,0.1073,0.3985,0.2605,0.0460,0.0460,
282,0.0000,0.0065,0.0130,0.0260,0.0325,0.1753,0.7858,0.3182,0.0844,0.0195,
283,0.0000,0.0000,0.0080,0.0261,0.0301,0.1383,0.4169,0.2205,0.0481,0.0281,
284,0.0000,0.0000,0.0000,0.0000,0.0500,0.0250,0.3751,0.1000,0.0250,0.0000,
285,0.0000,0.0000,0.0000,0.0000,0.0000,0.0122,0.0612,0.0245,0.0245,0.0122,
286,0.0000,0.0000,0.0000,0.0000,0.0000,0.0255,0.2803,0.1019,0.0510,0.0000,
287,0.0000,0.0000,0.0000,0.0297,0.0000,0.1040,0.2972,0.1932,0.0446,0.0446,
288,0.0000,0.0000,0.0000,0.0000,0.0225,0.0225,0.0789,0.0225,0.0113,0.0000,
289,0.0000,0.0000,0.0000,0.0085,0.0255,0.1487,0.3398,0.1784,0.0212,0.0297,
290,0.0000,0.0000,0.0037,0.0261,0.0224,0.1007,0.3469,0.2313,0.0709,0.0224,
291,0.0000,0.0018,0.0054,0.0233,0.0751,0.2755,0.6780,0.4186,0.0519,0.0286,
292,0.0000,0.0000,0.0000,0.0000,0.0000,0.0000,0.0000,0.0000,0.0313,0.0000,
293,0.0000,0.0000,0.0071,0.0036,0.0107,0.0285,0.1818,0.2317,0.0321,0.0143,
294,0.0000,0.0000,0.0000,0.0000,0.0146,0.1171,0.2050,0.2269,0.0439,0.0146,
295,0.0000,0.0000,0.0000,0.0000,0.0000,0.0000,0.0000,0.0000,0.0000,0.0000,
296,0.0000,0.0000,0.0000,0.0000,0.0000,0.0602,0.2005,0.3008,0.0067,0.0000,
297,0.0000,0.0000,0.0000,0.0000,0.0000,0.0000,0.0674,0.0000,0.0000,0.0000,
298,0.0000,0.0000,0.0000,0.0258,0.0258,0.1292,0.3360,0.1034,0.0000,0.0517,
299,0.0000,0.0000,0.0000,0.0000,0.0000,0.0000,0.0218,0.0000,0.0000,0.0000,
300,0.0000,0.0000,0.0000,0.0000,0.0113,0.0675,0.3825,0.3263,0.0225,0.0000,
301,0.0000,0.0000,0.0000,0.0000,0.0000,0.0000,0.0885,0.0664,0.0000,0.0000,
302,0.0000,0.0000,0.0000,0.0000,0.0000,0.0812,0.3247,0.0812,0.0000,0.0000,
303,0.0000,0.0000,0.0000,0.0233,0.0047,0.0886,0.3218,0.2099,0.0793,0.0140,
304,0.0000,0.0000,0.0019,0.0039,0.0154,0.0943,0.2714,0.1521,0.0270,0.0077,
305,0.0000,0.0000,0.0000,0.0110,0.0110,0.0439,0.1976,0.1976,0.0110,0.0000,
306,0.0000,0.0000,0.0000,0.0075,0.0150,0.1048,0.1348,0.0898,0.0374,0.0075,
307,0.0000,0.0057,0.0086,0.0114,0.0515,0.1259,0.1831,0.2089,0.0601,0.0429,
308,0.0000,0.0000,0.0093,0.0156,0.0374,0.0623,0.2431,0.1683,0.0280,0.0187,
309,0.0000,0.0000,0.0086,0.0000,0.0086,0.0344,0.1550,0.1206,0.0086,0.0086,
310,0.0000,0.0000,0.0000,0.0000,0.0000,0.0230,0.1151,0.0000,0.0000,0.0000,
311,0.0000,0.0000,0.0000,0.0000,0.0086,0.0514,0.1372,0.0772,0.0000,0.0086,
312,0.0000,0.0000,0.0000,0.0000,0.0214,0.0857,0.3427,0.0428,0.0000,0.0000,
313,0.0000,0.0000,0.0000,0.0118,0.0589,0.1236,0.2355,0.2237,0.0942,0.0471,
314,0.0000,0.0050,0.0050,0.0313,0.0338,0.1275,0.3463,0.3163,0.0638,0.0438,
315,0.0000,0.0000,0.0000,0.0000,0.0000,0.0000,0.1095,0.0547,0.0000,0.0000,
316,0.0034,0.0034,0.0101,0.0101,0.0403,0.1243,0.2653,0.2183,0.1008,0.0571,
317,0.0000,0.0000,0.0000,0.0000,0.0212,0.0635,0.1798,0.1164,0.0000,0.0000,
318,0.0000,0.0000,0.0000,0.0000,0.0218,0.0870,0.0870,0.0435,0.0000,0.0000,
319,0.0000,0.0026,0.0033,0.0157,0.0413,0.2169,0.6219,0.3552,0.0695,0.0308,
320,0.0000,0.0000,0.0000,0.0000,0.0523,0.0872,0.3835,0.1743,0.0000,0.0174,
321,0.0000,0.0000,0.0000,0.0000,0.0000,0.0000,0.0000,0.0000,0.0000,0.0000,
322,0.0000,0.0067,0.0000,0.0000,0.0135,0.0742,0.1956,0.1618,0.0135,0.0067,
323,0.0000,0.0000,0.0000,0.0000,0.0252,0.1259,0.2771,0.0756,0.1008,0.0000,
324,0.0000,0.0000,0.0000,0.0000,0.0000,0.0257,0.1672,0.1029,0.0386,0.0000,
325,0.0000,0.0000,0.0000,0.0000,0.0000,0.0000,0.0000,0.1556,0.0000,0.0000,
326,0.0000,0.0000,0.0000,0.0000,0.0000,0.0461,0.1384,0.0923,0.0461,0.0000,
327,0.0000,0.0000,0.0000,0.0000,0.0476,0.0000,0.3097,0.1906,0.0238,0.0238,
328,0.0000,0.0000,0.0000,0.0000,0.0000,0.0667,0.1780,0.1335,0.0222,0.0000,
329,0.0000,0.0000,0.0000,0.0000,0.0182,0.0727,0.0727,0.0182,0.0000,0.0000,
330,0.0000,0.0000,0.0000,0.0000,0.0000,0.0000,0.0239,0.0000,0.0000,0.0000,
331,0.0000,0.0000,0.0000,0.0000,0.0048,0.0626,0.2550,0.1588,0.0144,0.0192,
332,0.0000,0.0000,0.0000,0.0000,0.0000,0.1136,0.1704,0.0379,0.0000,0.0000,
333,0.0000,0.0000,0.0000,0.0000,0.0137,0.0602,0.1835,0.1451,0.0219,0.0027,
334,0.0000,0.0000,0.0000,0.0000,0.0000,0.0000,0.1061,0.0000,0.0000,0.0000,
335,0.0000,0.0000,0.0000,0.0230,0.0207,0.1104,0.2989,0.2115,0.0391,0.0069,
336,0.0000,0.0000,0.0000,0.0000,0.0066,0.0066,0.0265,0.1059,0.0066,0.0132,
337,0.0000,0.0000,0.0000,0.0000,0.0000,0.0000,0.0269,0.0269,0.0000,0.0000,
338,0.0000,0.0000,0.0000,0.0000,0.0000,0.0000,0.0000,0.0000,0.0000,0.0000,
339,0.0000,0.0000,0.0000,0.0000,0.0000,0.0000,0.1113,0.1484,0.0000,0.0000,
340,0.0000,0.0000,0.0000,0.0000,0.0367,0.0000,0.0000,0.0000,0.0000,0.0000,
341,0.0000,0.0000,0.0000,0.0000,0.0000,0.2809,0.0000,0.0000,0.0000,0.0000,
342,0.0000,0.0000,0.0000,0.0000,0.0000,0.0419,0.0209,0.0419,0.0000,0.0000,
343,0.0000,0.0000,0.0000,0.0000,0.0940,0.0000,0.0000,0.0000,0.0000,0.0000,
344,0.0000,0.0000,0.0000,0.0000,0.0000,0.0000,0.0284,0.0284,0.0284,0.0284,
345,0.0000,0.0000,0.0000,0.0652,0.0838,0.0372,0.0372,0.0372,0.0000,0.0000,
346,0.0000,0.0000,0.0084,0.0000,0.0084,0.0042,0.0420,0.0126,0.0084,0.0042,
347,0.0000,0.0000,0.0000,0.0000,0.0000,0.0000,0.0110,0.0110,0.0000,0.0110,
348,0.0000,0.0000,0.0000,0.0000,0.0000,0.0112,0.0337,0.0786,0.0000,0.0056,
349,0.0000,0.0000,0.0000,0.0000,0.0000,0.0000,0.0120,0.0000,0.0000,0.0000,
350,0.0000,0.0000,0.0000,0.0000,0.0000,0.0000,0.1002,0.0000,0.0000,0.0000,
351,0.0000,0.0000,0.0000,0.0752,0.1354,0.1204,0.0451,0.0301,0.0150,0.0000,
352,0.0000,0.0000,0.0000,0.0000,0.0000,0.0422,0.0000,0.0000,0.0422,0.0000,
353,0.0000,0.0065,0.0065,0.0000,0.0000,0.0065,0.0194,0.0259,0.0065,0.0065,
354,0.0000,0.0000,0.0000,0.0000,0.0000,0.0157,0.0157,0.0630,0.0000,0.0000,
355,0.0000,0.0000,0.0000,0.0000,0.0000,0.0000,0.0000,0.0000,0.0000,0.0000,
356,0.0000,0.0000,0.0000,0.0000,0.0000,0.0000,0.1352,0.2028,0.0676,0.0000,
357,0.0000,0.0000,0.0000,0.0000,0.0000,0.0000,0.0000,0.0000,0.0000,0.0000,
358,0.0000,0.0000,0.0000,0.0000,0.0000,0.0204,0.0408,0.0408,0.0000,0.0102,
359,0.0000,0.0000,0.0000,0.0516,0.0172,0.0000,0.0516,0.0344,0.0000,0.0000,
360,0.0000,0.0000,0.0000,0.0000,0.0483,0.0193,0.0290,0.0580,0.0000,0.0000,
361,0.0063,0.0031,0.0063,0.0031,0.0094,0.0219,0.0814,0.0657,0.0157,0.0063,
362,0.0000,0.0000,0.0000,0.0425,0.2123,0.2973,0.0849,0.2123,0.0000,0.0000,
363,0.0000,0.0000,0.0590,0.1474,0.5012,0.4717,0.6486,0.5012,0.1769,0.0884,
364,0.0000,0.0000,0.0000,0.0000,0.0061,0.0123,0.0982,0.0553,0.0061,0.0184,
365,0.0000,0.0000,0.0242,0.0000,0.0000,0.0000,0.0242,0.1455,0.0000,0.0000,
366,0.0000,0.0000,0.0000,0.0000,0.0342,0.0171,0.0855,0.0513,0.0000,0.0000,
367,0.0000,0.0000,0.0037,0.0037,0.0037,0.0149,0.0822,0.1046,0.0187,0.0149,
368,0.0000,0.0000,0.0000,0.0000,0.0000,0.0530,0.0177,0.0000,0.0000,0.0000,
369,0.0000,0.0000,0.0029,0.0000,0.0057,0.0285,0.0970,0.0314,0.0086,0.0029,
370,0.0000,0.0000,0.0000,0.0000,0.0000,0.0165,0.0165,0.0330,0.0000,0.0165,
371,0.0000,0.0000,0.0000,0.0000,0.0097,0.0340,0.0534,0.0194,0.0049,0.0097,
372,0.0000,0.0000,0.0000,0.0000,0.0000,0.0000,0.0000,0.0000,0.0000,0.0000,
373,0.0000,0.0000,0.0000,0.0000,0.0000,0.0000,0.0000,0.1129,0.0000,0.0000,
374,0.0000,0.0000,0.0000,0.0000,0.0000,0.0167,0.0334,0.0167,0.0000,0.0167,
375,0.0000,0.0000,0.0000,0.0000,0.0468,0.0000,0.0000,0.0000,0.0000,0.0000,
376,0.0173,0.0000,0.0000,0.0173,0.0000,0.0346,0.1210,0.0173,0.0000,0.0000,
377,0.0000,0.0000,0.0000,0.0000,0.0000,0.0336,0.0168,0.0000,0.0000,0.0000,
378,0.0000,0.0000,0.0000,0.0000,0.0000,0.0000,0.0128,0.0383,0.0000,0.0256,
379,0.0000,0.0000,0.0000,0.0000,0.0000,0.0000,0.0444,0.0222,0.0000,0.0000,
380,0.0000,0.0020,0.0020,0.0020,0.0082,0.0143,0.0819,0.0778,0.0205,0.0082,
381,0.0000,0.0000,0.0000,0.0000,0.0549,0.0366,0.0183,0.0549,0.0000,0.0000,
382,0.0000,0.0000,0.0087,0.0000,0.0087,0.0000,0.0349,0.0349,0.0087,0.0000,
383,0.0000,0.0000,0.0000,0.0000,0.0000,0.0000,0.0000,0.0169,0.0000,0.0000,
384,0.0000,0.0000,0.0000,0.0187,0.0000,0.0094,0.0187,0.0094,0.0000,0.0000,
385,0.0000,0.0000,0.0000,0.0405,0.0811,0.0405,0.0811,0.0000,0.0000,0.0000,
386,0.0000,0.0000,0.0000,0.0000,0.0000,0.0000,0.0213,0.1278,0.0213,0.0213,
387,0.0000,0.0000,0.0000,0.0000,0.0000,0.0000,0.0000,0.0000,0.0000,0.0000,
388,0.0000,0.0000,0.0125,0.0000,0.0063,0.0000,0.0564,0.0690,0.0188,0.0000,
389,0.0000,0.0000,0.0000,0.0000,0.0497,0.1242,0.1490,0.0000,0.0000,0.0248,
390,0.0000,0.0000,0.0000,0.0118,0.0118,0.0059,0.0415,0.0118,0.0059,0.0000,
391,0.0000,0.0000,0.0000,0.0000,0.0985,0.0985,0.0985,0.0000,0.0000,0.0000,
392,0.0000,0.0000,0.0000,0.0000,0.0000,0.0000,0.0000,0.0000,0.0000,0.0000,
393,0.0000,0.0000,0.0000,0.0000,0.0000,0.0000,0.0963,0.0000,0.0000,0.0482,
394,0.0000,0.0000,0.0000,0.0000,0.0000,0.0000,0.0408,0.0000,0.0408,0.0000,
395,0.0000,0.0000,0.0000,0.0022,0.0065,0.0207,0.1000,0.0979,0.0304,0.0250,
396,0.0000,0.0000,0.0000,0.0000,0.0000,0.0000,0.0642,0.0000,0.0000,0.0000,
397,0.0000,0.0000,0.0000,0.0000,0.0000,0.0000,0.0360,0.0000,0.0000,0.0000,
398,0.0000,0.0000,0.0000,0.0000,0.0113,0.0113,0.0340,0.0567,0.0113,0.0113,
399,0.0000,0.0000,0.0000,0.0313,0.0313,0.0209,0.0522,0.0730,0.0209,0.0000,
400,0.0000,0.0049,0.0049,0.0395,0.1530,0.0641,0.0937,0.1283,0.0247,0.0049,
401,0.0000,0.0000,0.0000,0.0000,0.0453,0.0453,0.0905,0.0000,0.0000,0.0000,
402,0.0000,0.0056,0.0056,0.0225,0.0450,0.0731,0.0675,0.0956,0.0225,0.0169,
403,0.0000,0.0000,0.0000,0.0075,0.0075,0.0448,0.0972,0.1420,0.0149,0.0075,
404,0.0000,0.0000,0.0000,0.0000,0.1522,0.0000,0.0000,0.0000,0.0000,0.0000,
405,0.0000,0.0000,0.0000,0.0492,0.0738,0.1967,0.2705,0.0492,0.0000,0.0000,
406,0.0000,0.0000,0.0000,0.0383,0.0192,0.0192,0.0958,0.0192,0.0000,0.0000,
407,0.0000,0.0000,0.0000,0.0000,0.0000,0.1487,0.0743,0.0000,0.0000,0.0000,
408,0.0000,0.0000,0.0000,0.0000,0.0000,0.0000,0.0760,0.0253,0.0000,0.0000,
409,0.0000,0.0000,0.0059,0.0297,0.0357,0.0714,0.1070,0.0297,0.0297,0.0059,
410,0.0000,0.0000,0.0000,0.0000,0.0000,0.0000,0.0975,0.0000,0.0000,0.0000,
411,0.0000,0.0000,0.0000,0.0000,0.0000,0.0141,0.0423,0.0212,0.0000,0.0000,
412,0.0000,0.0000,0.0000,0.0000,0.0000,0.0000,0.0000,0.0000,0.0000,0.0000,
413,0.0000,0.0000,0.0000,0.0000,0.0075,0.0224,0.0298,0.0373,0.0149,0.0075,
414,0.0000,0.0000,0.0000,0.0000,0.0000,0.0000,0.0214,0.0320,0.0000,0.0000,
415,0.0000,0.0000,0.0000,0.0000,0.0000,0.0072,0.0289,0.0433,0.0072,0.0072,
416,0.0000,0.0000,0.0000,0.0000,0.0000,0.0000,0.0147,0.0590,0.0000,0.0000,
417,0.0000,0.0000,0.0000,0.0631,0.0158,0.0315,0.0631,0.0631,0.0000,0.0000,
418,0.0000,0.0000,0.0000,0.0000,0.0000,0.0000,0.0277,0.0830,0.0000,0.0000,
419,0.0000,0.0000,0.0000,0.0000,0.0165,0.0000,0.0660,0.0495,0.0000,0.0000,
420,0.0000,0.0000,0.0000,0.0000,0.0000,0.0000,0.0211,0.0000,0.0000,0.0000,
421,0.0000,0.0000,0.0000,0.0136,0.0000,0.0000,0.0271,0.0407,0.0000,0.0000,
422,0.0000,0.0000,0.0000,0.0000,0.0000,0.0000,0.0000,0.0000,0.0000,0.0000,
423,0.0000,0.0000,0.0000,0.0000,0.0000,0.0302,0.0302,0.0000,0.0000,0.0000,
424,0.0000,0.0000,0.0000,0.0000,0.0000,0.0000,0.0000,0.0000,0.0000,0.0000,
425,0.0000,0.0050,0.0050,0.0000,0.0050,0.0000,0.0298,0.0199,0.0000,0.0000,
426,0.0000,0.0000,0.0000,0.0000,0.0000,0.0220,0.0000,0.0440,0.0000,0.0000,
427,0.0011,0.0011,0.0033,0.0133,0.0189,0.0433,0.1065,0.0777,0.0233,0.0200,
428,0.0000,0.0000,0.0000,0.0000,0.0000,0.0000,0.0000,0.0000,0.0000,0.0000,
429,0.0000,0.0000,0.0000,0.0000,0.0000,0.0000,0.0756,0.0000,0.0000,0.0000,
430,0.0000,0.0000,0.0000,0.0000,0.0000,0.0979,0.2741,0.1958,0.0979,0.0783,
431,0.0000,0.0082,0.0000,0.0082,0.0082,0.0082,0.0489,0.0571,0.0163,0.0245,
432,0.0000,0.0000,0.0000,0.0000,0.0000,0.0288,0.0144,0.0000,0.0144,0.0000,
433,0.0000,0.0000,0.0000,0.0246,0.0123,0.0246,0.0246,0.0369,0.0000,0.0000,
434,0.0000,0.0000,0.0000,0.0000,0.0000,0.0521,0.0260,0.0521,0.0000,0.0000,
435,0.0000,0.0000,0.0000,0.0000,0.0000,0.0000,0.0000,0.2245,0.0000,0.0000,
436,0.0000,0.0000,0.0033,0.0131,0.0164,0.1414,0.3978,0.2005,0.0296,0.0427,
437,0.0000,0.0000,0.0000,0.0000,0.0000,0.0000,0.1634,0.0409,0.0000,0.0000,
438,0.0007,0.0000,0.0022,0.0101,0.0152,0.0924,0.3090,0.2642,0.0765,0.0361,
439,0.0000,0.0000,0.0100,0.0050,0.0150,0.0349,0.2493,0.1047,0.0050,0.0050,
440,0.0000,0.0000,0.0000,0.0000,0.0000,0.0249,0.2615,0.1121,0.0000,0.0000,
441,0.0000,0.0000,0.0000,0.0000,0.0000,0.0000,0.0875,0.0500,0.0000,0.0000,
442,0.0000,0.0000,0.0074,0.0000,0.0222,0.0148,0.3113,0.3187,0.0074,0.0074,
443,0.0000,0.0000,0.0000,0.1013,0.0450,0.1013,0.3602,0.1463,0.0225,0.0225,
444,0.0000,0.0000,0.0000,0.0000,0.0000,0.0000,0.0396,0.0396,0.0396,0.0000,
445,0.0000,0.0000,0.0000,0.0000,0.0000,0.0122,0.0731,0.1096,0.0122,0.0000,
446,0.0000,0.0000,0.0000,0.0158,0.0000,0.1109,0.2219,0.1426,0.0634,0.0317,
447,0.0000,0.0000,0.0000,0.0000,0.0203,0.0608,0.5067,0.3851,0.0203,0.0203,
448,0.0000,0.0000,0.0000,0.0417,0.0417,0.0417,0.1251,0.0000,0.0000,0.0000,
449,0.0000,0.0000,0.0034,0.0168,0.0134,0.0908,0.3698,0.2420,0.0269,0.0605,
450,0.0000,0.0022,0.0000,0.0054,0.0065,0.0348,0.2970,0.2209,0.0163,0.0109,
451,0.0000,0.0000,0.0000,0.0000,0.0000,0.0508,0.2032,0.0508,0.0000,0.0000,
452,0.0000,0.0000,0.0000,0.0000,0.0000,0.0581,0.1163,0.0581,0.0000,0.0000,
453,0.0000,0.0000,0.0000,0.0000,0.0000,0.0720,0.1621,0.1261,0.0000,0.0180,
454,0.0000,0.0000,0.0000,0.0000,0.0000,0.0333,0.1831,0.1498,0.0166,0.0000,
455,0.0000,0.0000,0.0000,0.0000,0.0203,0.0609,0.2032,0.0609,0.0203,0.0203,
456,0.0000,0.0000,0.0000,0.0000,0.0000,0.0000,0.0000,0.2068,0.0000,0.0000,
457,0.0000,0.0000,0.0000,0.0155,0.0155,0.0620,0.4650,0.1085,0.1085,0.0000,
458,0.0000,0.0000,0.0000,0.0000,0.0172,0.0086,0.0688,0.0172,0.0086,0.0086,
459,0.0004,0.0020,0.0012,0.0072,0.0256,0.2511,0.5310,0.6568,0.1936,0.1481,
460,0.0000,0.0000,0.0000,0.0000,0.0000,0.0369,0.1108,0.0000,0.0000,0.0000,
461,0.0000,0.0000,0.0000,0.0000,0.0000,0.0306,0.1835,0.1988,0.0306,0.0153,
462,0.0000,0.0000,0.0000,0.0000,0.0000,0.0545,0.1634,0.0545,0.0000,0.0000,
463,0.0000,0.0000,0.0027,0.0000,0.0094,0.0309,0.2969,0.2244,0.0242,0.0242,
464,0.0000,0.0000,0.0000,0.0000,0.0000,0.0597,0.1792,0.1195,0.0000,0.0000,
465,0.0007,0.0015,0.0052,0.0149,0.0321,0.1486,0.3524,0.1530,0.1045,0.1015,
466,0.0025,0.0088,0.0139,0.0536,0.1362,0.9673,2.2637,2.0588,0.7863,0.4925,
467,0.0000,0.0000,0.0000,0.0000,0.0000,0.0462,0.1524,0.2033,0.0000,0.0000,
468,0.0553,0.0085,0.0000,0.0128,0.0085,0.0979,0.2725,0.1405,0.0085,0.0085,
469,0.0000,0.0000,0.0043,0.0043,0.0043,0.0921,0.3533,0.1906,0.0214,0.0107,
470,0.0000,0.0000,0.0093,0.0093,0.0093,0.0649,0.5003,0.1668,0.0185,0.0093,
471,0.0027,0.0000,0.0000,0.0188,0.0268,0.1314,0.3728,0.2387,0.0536,0.0590,
472,0.0000,0.0000,0.0000,0.0233,0.0000,0.0000,0.0466,0.0000,0.0000,0.0000,
473,0.0000,0.0000,0.0000,0.0082,0.0000,0.0573,0.1884,0.1556,0.0082,0.0082,
474,0.0000,0.0000,0.0161,0.0161,0.0161,0.0482,0.3373,0.1767,0.0161,0.0000,
475,0.0000,0.0000,0.0000,0.0100,0.0201,0.1103,0.2407,0.2608,0.1203,0.1304,
476,0.0004,0.0022,0.0045,0.0117,0.0305,0.3474,0.7576,0.4963,0.1556,0.0910,
477,0.0000,0.0063,0.0000,0.0063,0.0125,0.0188,0.1380,0.1066,0.0188,0.0063,
479,0.0000,0.0000,0.0000,0.0064,0.0257,0.0802,0.2695,0.1508,0.0642,0.0995,
480,0.0000,0.0000,0.0000,0.0089,0.0089,0.0447,0.1072,0.0804,0.0089,0.0179,
481,0.0000,0.0000,0.0000,0.0137,0.0319,0.0228,0.2413,0.1366,0.0137,0.0046,
482,0.0000,0.0000,0.0000,0.0000,0.0065,0.0323,0.0969,0.0969,0.0129,0.0129,
483,0.0000,0.0000,0.0000,0.0000,0.0305,0.0000,0.1527,0.0305,0.0000,0.0000,
484,0.0000,0.0000,0.1090,0.0545,0.0545,0.0000,0.0545,0.0545,0.0000,0.0000,
485,0.0000,0.0000,0.0000,0.0000,0.0000,0.0284,0.0851,0.0000,0.0000,0.0000,
486,0.0000,0.0000,0.0000,0.0202,0.0000,0.0202,0.1313,0.0606,0.0101,0.0000,
487,0.0000,0.0033,0.0060,0.0100,0.0375,0.1540,0.4051,0.1580,0.0850,0.0556,
488,0.0000,0.0000,0.0000,0.0000,0.0000,0.0645,0.1805,0.0774,0.0516,0.0387,
489,0.0000,0.0000,0.0000,0.0000,0.0196,0.0196,0.0587,0.0587,0.0000,0.0000,
490,0.0000,0.0000,0.0000,0.0098,0.0000,0.0689,0.3446,0.1280,0.0689,0.0197,
491,0.0000,0.0000,0.0055,0.0110,0.0055,0.0822,0.1808,0.1863,0.0493,0.0493,
492,0.0000,0.0000,0.0000,0.0000,0.0152,0.0761,0.0913,0.0457,0.0304,0.0000,
493,0.0000,0.0000,0.0000,0.0000,0.0000,0.0158,0.0475,0.0316,0.0000,0.0000,
494,0.0000,0.0000,0.0000,0.0000,0.0213,0.0107,0.2773,0.2026,0.0320,0.0213,
495,0.0000,0.0000,0.0042,0.0084,0.0274,0.1549,0.3424,0.2645,0.1233,0.0832,
496,0.0000,0.0000,0.0000,0.0000,0.0000,0.0237,0.0474,0.0474,0.0712,0.0000,
497,0.0000,0.0000,0.0000,0.0000,0.0000,0.0000,0.0395,0.1184,0.0000,0.0000,
498,0.0000,0.0000,0.0000,0.0133,0.0932,0.0666,0.4129,0.3063,0.0133,0.0000,
499,0.0000,0.0037,0.0056,0.0037,0.0484,0.1934,0.3943,0.2232,0.0353,0.0223,
500,0.0000,0.0025,0.0062,0.0261,0.0398,0.1391,0.3441,0.2161,0.0261,0.0161,
501,0.0000,0.0000,0.0113,0.0000,0.1014,0.2479,0.3832,0.1352,0.0338,0.0000,
502,0.0000,0.0000,0.0000,0.0000,0.0000,0.0907,0.0907,0.1210,0.0302,0.0000,
503,0.0000,0.0000,0.0060,0.0179,0.0359,0.0957,0.3171,0.1974,0.0419,0.0060,
504,0.0000,0.0000,0.0000,0.0593,0.0495,0.2572,0.4747,0.2572,0.0198,0.0593,
505,0.0000,0.0000,0.0000,0.0068,0.0273,0.0819,0.1365,0.1160,0.0136,0.0068,
506,0.0000,0.0000,0.0000,0.0920,0.0613,0.1533,0.7051,0.1839,0.1533,0.0000,
507,0.0000,0.0000,0.0000,0.0214,0.0043,0.0900,0.2871,0.2528,0.0343,0.0043,
508,0.0000,0.0000,0.0000,0.0000,0.0332,0.3655,0.5981,0.3655,0.0997,0.0000,
509,0.0082,0.0000,0.0041,0.0286,0.0408,0.1389,0.4166,0.2287,0.0204,0.0245,
510,0.0000,0.0000,0.0104,0.0104,0.0418,0.1045,0.3692,0.1567,0.0070,0.0104,
511,0.0000,0.0495,0.0495,0.0495,0.1980,0.2476,0.2476,0.1485,0.0495,0.0495,
512,0.0021,0.0021,0.0041,0.0185,0.0340,0.0957,0.2789,0.2223,0.0288,0.0237,
513,0.0093,0.0000,0.0069,0.0185,0.0266,0.1100,0.3845,0.2258,0.0347,0.0081,
514,0.0000,0.0000,0.0000,0.0628,0.1464,0.1883,0.5440,0.2929,0.0209,0.0418,
515,0.0000,0.0000,0.0000,0.0095,0.0380,0.0476,0.1902,0.2092,0.0095,0.0000,
516,0.0000,0.0000,0.0000,0.0756,0.0378,0.1133,0.4533,0.2267,0.1133,0.0378,
517,0.0000,0.0000,0.0000,0.0000,0.0529,0.3176,0.6352,0.3176,0.0000,0.0265,
518,0.0000,0.0000,0.0000,0.0203,0.0136,0.1221,0.3188,0.1560,0.0136,0.0203,
519,0.0000,0.0000,0.0203,0.0506,0.1621,0.2735,0.5874,0.2633,0.0608,0.0101,
520,0.0000,0.0000,0.0000,0.0000,0.2915,0.2915,0.6997,0.3110,0.0583,0.0194,
521,0.0016,0.0032,0.0048,0.0322,0.0306,0.2045,0.5395,0.2480,0.0564,0.0290,
522,0.0062,0.0000,0.0062,0.0678,0.0431,0.1540,0.5976,0.1725,0.0431,0.0123,
523,0.0000,0.0037,0.0074,0.0706,0.0557,0.1634,0.5423,0.3083,0.0353,0.0260,
524,0.0000,0.0000,0.0101,0.0406,0.1116,0.3246,0.7101,0.3906,0.0507,0.0152,
525,0.0000,0.0083,0.0299,0.0748,0.1130,0.4520,1.2448,0.7412,0.1496,0.0648,
526,0.0046,0.0046,0.0046,0.0046,0.0185,0.1158,0.3567,0.1621,0.0185,0.0185,
527,0.0000,0.0000,0.0000,0.0076,0.0152,0.1372,0.1753,0.0762,0.0076,0.0152,
528,0.0000,0.0000,0.0091,0.0036,0.0219,0.0894,0.2973,0.1149,0.0164,0.0055,
529,0.0000,0.0000,0.0000,0.0000,0.0000,0.3024,0.4838,0.1210,0.0000,0.0000,
530,0.0000,0.0027,0.0013,0.0081,0.0161,0.0996,0.3754,0.1278,0.0431,0.0108,
531,0.0000,0.0000,0.0000,0.0000,0.0140,0.0701,0.2242,0.0701,0.0000,0.0140,
532,0.0000,0.0000,0.0022,0.0108,0.0216,0.0777,0.3387,0.1748,0.0129,0.0216,
533,0.0000,0.0000,0.0063,0.0063,0.0253,0.1581,0.3669,0.1771,0.0190,0.0253,
534,0.0013,0.0020,0.0040,0.0113,0.0146,0.1144,0.4424,0.1810,0.0432,0.0140,
536,0.0000,0.0015,0.0045,0.0119,0.0298,0.1461,0.3771,0.1759,0.0417,0.0104,
537,0.0020,0.0040,0.0101,0.0061,0.0283,0.1273,0.4708,0.1515,0.0364,0.0061,
538,0.0000,0.0069,0.0083,0.0332,0.0249,0.3005,1.2964,0.4224,0.1246,0.0499,
539,0.0013,0.0000,0.0013,0.0025,0.0150,0.1302,0.2755,0.1052,0.0213,0.0088,
540,0.0000,0.0000,0.0000,0.0000,0.0000,0.0000,0.0000,0.0000,0.0000,0.0000,
541,0.0094,0.0000,0.0000,0.0000,0.0000,0.0094,0.0658,0.1411,0.0000,0.0094,
542,0.0000,0.0000,0.0000,0.0000,0.0000,0.0000,0.0941,0.0941,0.0000,0.0000,
543,0.0000,0.0000,0.0000,0.0099,0.0000,0.0000,0.0296,0.2463,0.0394,0.0197,
544,0.0000,0.0000,0.0154,0.0000,0.0000,0.0309,0.3861,0.2780,0.0772,0.0463,
545,0.0000,0.0000,0.0000,0.0000,0.0000,0.0218,0.0435,0.0218,0.0218,0.0000,
546,0.0000,0.0000,0.0000,0.0000,0.0000,0.0000,0.0710,0.0852,0.0568,0.0000,
547,0.0000,0.0000,0.0000,0.0000,0.0000,0.0000,0.0223,0.0000,0.0000,0.0000,
548,0.0000,0.0054,0.0000,0.0000,0.0054,0.0081,0.0462,0.0299,0.0000,0.0081,
549,0.0000,0.0000,0.0000,0.0347,0.0000,0.0000,0.0347,0.0694,0.0000,0.0000,
550,0.0000,0.0000,0.0000,0.0000,0.0000,0.0000,0.2245,0.0998,0.0249,0.0249,
551,0.0000,0.0000,0.0000,0.0000,0.0000,0.0145,0.0289,0.0506,0.0000,0.0000,
552,0.0000,0.0000,0.0051,0.0000,0.0051,0.0152,0.0760,0.0456,0.0051,0.0051,
553,0.0000,0.0000,0.0000,0.0000,0.0000,0.0476,0.0238,0.0476,0.0238,0.0238,
554,0.0000,0.0000,0.0000,0.0000,0.0000,0.0093,0.0742,0.1113,0.0093,0.0000,
555,0.0000,0.0000,0.0000,0.0271,0.0000,0.0000,0.0000,0.0000,0.0000,0.0000,
556,0.0000,0.0000,0.0000,0.0000,0.0000,0.0000,0.0457,0.0457,0.0000,0.0000,
557,0.0000,0.0000,0.0000,0.0023,0.0031,0.0258,0.1445,0.2429,0.0492,0.0250,
558,0.0000,0.0000,0.0000,0.0000,0.0000,0.0189,0.0000,0.0189,0.0000,0.0000,
559,0.0000,0.0000,0.0256,0.0000,0.0000,0.0256,0.0512,0.0000,0.0000,0.0000,
560,0.0000,0.0000,0.0000,0.0000,0.0115,0.0459,0.1091,0.1435,0.0057,0.0057,
561,0.0000,0.0000,0.0000,0.0130,0.0000,0.0778,0.2076,0.3243,0.0259,0.0259,
562,0.0000,0.0000,0.0000,0.0068,0.0000,0.0068,0.1095,0.0205,0.0000,0.0000,
563,0.0344,0.0000,0.0000,0.0344,0.0000,0.0000,0.0344,0.1033,0.0344,0.0344,
564,0.0009,0.0000,0.0000,0.0086,0.0163,0.0198,0.1152,0.1616,0.0318,0.0086,
565,0.0000,0.0000,0.0000,0.0000,0.0000,0.0000,0.0703,0.0234,0.0000,0.0234,
566,0.0000,0.0000,0.0000,0.0000,0.0000,0.0000,0.0970,0.1293,0.0000,0.0000,
567,0.0000,0.0000,0.0000,0.0000,0.0000,0.0214,0.0321,0.0857,0.0428,0.0107,
568,0.0000,0.0000,0.0000,0.0000,0.0000,0.0371,0.0619,0.0557,0.0248,0.0062,
569,0.0000,0.0000,0.0000,0.0000,0.0249,0.0000,0.0748,0.0249,0.0000,0.0249,
570,0.0000,0.0000,0.0012,0.0037,0.0025,0.0062,0.0673,0.0760,0.0100,0.0100,
571,0.0000,0.0000,0.0000,0.0000,0.0000,0.0134,0.1070,0.0669,0.0134,0.0000,
572,0.0000,0.0000,0.0000,0.0000,0.0000,0.0312,0.0936,0.0624,0.0000,0.0000,
573,0.0000,0.0000,0.0000,0.0000,0.0000,0.0630,0.0630,0.0000,0.0000,0.0000,
574,0.0000,0.0000,0.0000,0.0000,0.0000,0.0000,0.0709,0.1063,0.0354,0.0000,
575,0.0000,0.0000,0.0000,0.0000,0.0000,0.0229,0.0229,0.0688,0.0000,0.0000,
576,0.0000,0.0000,0.0000,0.0000,0.0000,0.0681,0.0000,0.0000,0.0000,0.0000,
577,0.0000,0.0000,0.0000,0.0000,0.0000,0.0236,0.0236,0.0236,0.0000,0.0000,
578,0.0000,0.0000,0.0000,0.0335,0.0000,0.0503,0.1677,0.3187,0.0168,0.0168,
579,0.0000,0.0000,0.0000,0.0000,0.0000,0.0000,0.0000,0.0602,0.0301,0.0301,
580,0.0000,0.0143,0.0000,0.0000,0.0000,0.0000,0.0574,0.0574,0.0143,0.0000,
581,0.0000,0.0000,0.0000,0.0000,0.0000,0.0164,0.0328,0.0492,0.0164,0.0000,
582,0.0130,0.0000,0.0000,0.0000,0.0043,0.0130,0.1130,0.1565,0.0348,0.0130,
583,0.0000,0.0000,0.0000,0.0000,0.0000,0.0160,0.0480,0.0961,0.0000,0.0000,
584,0.0060,0.0000,0.0000,0.0000,0.0000,0.0360,0.0721,0.0420,0.0060,0.0000,
585,0.0000,0.0000,0.0000,0.0000,0.0000,0.0000,0.0872,0.1745,0.0000,0.0000,
586,0.0000,0.0033,0.0033,0.0000,0.0000,0.0066,0.1195,0.2323,0.0398,0.0133,
587,0.0000,0.0000,0.0000,0.0000,0.0023,0.0023,0.0770,0.1086,0.0113,0.0023,
588,0.0000,0.0000,0.0000,0.0000,0.0230,0.0000,0.0230,0.0000,0.0000,0.0000,
589,0.0042,0.0000,0.0000,0.0000,0.0000,0.0126,0.1214,0.1424,0.0209,0.0167,
590,0.0000,0.0000,0.0000,0.0000,0.0000,0.0000,0.0301,0.0301,0.0150,0.0000,
591,0.0000,0.0000,0.0000,0.0000,0.0000,0.0116,0.1044,0.1857,0.0348,0.0174,
592,0.0000,0.0000,0.0000,0.0000,0.0000,0.0000,0.0841,0.0000,0.0000,0.0000,
593,0.0000,0.0000,0.0000,0.0000,0.0000,0.0000,0.0490,0.0490,0.0000,0.0245,
594,0.0000,0.0000,0.0000,0.0000,0.0098,0.0098,0.0293,0.0683,0.0000,0.0000,
595,0.0000,0.0000,0.0000,0.0000,0.0000,0.0000,0.0683,0.0000,0.0000,0.0000,
596,0.0000,0.0000,0.0019,0.0019,0.0056,0.0056,0.0392,0.0561,0.0037,0.0037,
597,0.0000,0.0000,0.0000,0.0000,0.0000,0.0000,0.0000,0.0664,0.0000,0.0664,
598,0.0000,0.0000,0.0000,0.0000,0.0000,0.0000,0.0574,0.1436,0.0000,0.0000,
599,0.0000,0.0000,0.0000,0.0000,0.0000,0.0116,0.0697,0.0349,0.0000,0.0000,
600,0.0000,0.0000,0.0683,0.0000,0.0000,0.0000,0.0683,0.0000,0.0000,0.0000,
601,0.0000,0.0000,0.0000,0.0483,0.0000,0.0241,0.0724,0.1448,0.1690,0.0966,
602,0.0000,0.0000,0.0000,0.0000,0.0000,0.0000,0.0510,0.0510,0.0000,0.0000,
603,0.0000,0.0000,0.0000,0.0000,0.0000,0.0000,0.0000,0.0000,0.0555,0.0000,
604,0.0000,0.0000,0.0000,0.0000,0.0000,0.0359,0.1257,0.2514,0.0180,0.0000,
605,0.0000,0.0000,0.0000,0.0000,0.0000,0.0348,0.0697,0.0697,0.0348,0.0348,
606,0.0062,0.0000,0.0062,0.0000,0.0062,0.0124,0.1797,0.2726,0.0310,0.0186,
607,0.0000,0.0000,0.0000,0.0000,0.0000,0.0000,0.0000,0.0473,0.0000,0.0000,
608,0.0000,0.0000,0.0000,0.0000,0.0000,0.0000,0.0000,0.0290,0.0000,0.0000,
609,0.0080,0.0080,0.0000,0.0000,0.0000,0.0161,0.1205,0.1285,0.0241,0.0080,
610,0.0000,0.0000,0.0000,0.0000,0.0000,0.0128,0.0512,0.0641,0.0000,0.0128,
611,0.0000,0.0000,0.0000,0.0000,0.0000,0.0000,0.0820,0.3118,0.0164,0.0164,
612,0.0000,0.0000,0.0000,0.0000,0.0000,0.0126,0.0252,0.0503,0.0126,0.0000,
613,0.0000,0.0000,0.0000,0.0000,0.0000,0.0176,0.0000,0.0705,0.0000,0.0000,
614,0.0000,0.0000,0.0000,0.0000,0.0000,0.0000,0.1012,0.0607,0.0000,0.0000,
615,0.0000,0.0000,0.0000,0.0053,0.0053,0.0186,0.0586,0.1518,0.0213,0.0053,
616,0.0018,0.0092,0.0092,0.0018,0.0037,0.0240,0.1181,0.2104,0.0221,0.0055,
617,0.0048,0.0000,0.0190,0.0285,0.0048,0.0428,0.1189,0.0903,0.0428,0.0048,
618,0.0000,0.0000,0.0108,0.0000,0.0216,0.1836,0.0972,0.1944,0.0216,0.0000,
619,0.0000,0.0000,0.0000,0.0000,0.0000,0.0000,0.0574,0.0191,0.0000,0.0191,
620,0.0000,0.0000,0.0000,0.0000,0.0000,0.0000,0.1044,0.0696,0.0000,0.0348,
621,0.0000,0.0000,0.0000,0.0000,0.0000,0.0000,0.0000,0.0000,0.0000,0.0000,
622,0.0000,0.0000,0.0000,0.0000,0.0000,0.0141,0.0705,0.0705,0.0141,0.0000,
623,0.0000,0.0000,0.0000,0.0000,0.0000,0.0000,0.0971,0.0809,0.0162,0.0000,
624,0.0000,0.0000,0.0000,0.0000,0.0000,0.0000,0.0000,0.0437,0.0175,0.0000,
625,0.0000,0.0000,0.0000,0.0000,0.0000,0.0000,0.0531,0.0797,0.0000,0.0000,
626,0.0000,0.0000,0.0000,0.0000,0.0159,0.0080,0.1913,0.2470,0.0319,0.0239,
627,0.0000,0.0000,0.0000,0.0000,0.0000,0.0000,0.0000,0.1327,0.0000,0.0000,
